,season,name,team,age,probability
156,2011,LeBron James,MIAMI HEAT,26,0.6666666666666667
186,2011,Derrick Rose,CHICAGO BULLS,22,0.11111111111111113
185,2011,Rajon Rondo,BOSTON CELTICS,24,0.11111111111111113
180,2011,Chris Paul,NEW ORLEANS HORNETS,25,0.11111111111111113
