,season,name,team,age,probability
249,2012,LeBron James,MIAMI HEAT,27,0.7499999999999999
274,2012,Derrick Rose,CHICAGO BULLS,23,0.10526315789473684
268,2012,Tony Parker,SAN ANTONIO SPURS,29,0.05263157894736842
223,2012,Luol Deng,CHICAGO BULLS,26,0.02631578947368421
226,2012,Kevin Durant,OKLAHOMA CITY THUNDER,23,0.02631578947368421
269,2012,Chris Paul,LOS ANGELES CLIPPERS,26,0.013157894736842105
287,2012,Russell Westbrook,OKLAHOMA CITY THUNDER,23,0.013157894736842105
232,2012,Pau Gasol,LOS ANGELES LAKERS,31,0.013157894736842105
