,season,name,team,age,probability
417,2014,Kevin Durant,OKLAHOMA CITY THUNDER,25,0.6629213483146067
441,2014,LeBron James,MIAMI HEAT,29,0.14606741573033707
453,2014,Kevin Love,MINNESOTA TIMBERWOLVES,25,0.0898876404494382
410,2014,Stephen Curry,GOLDEN STATE WARRIORS,25,0.0449438202247191
437,2014,Dwight Howard,HOUSTON ROCKETS,28,0.011235955056179775
424,2014,Paul George,INDIANA PACERS,23,0.011235955056179775
429,2014,James Harden,HOUSTON ROCKETS,24,0.011235955056179775
487,2014,John Wall,WASHINGTON WIZARDS,23,0.011235955056179775
388,2014,Carmelo Anthony,NEW YORK KNICKS,29,0.011235955056179775
