,season,name,team,age,probability
515,2015,Stephen Curry,GOLDEN STATE WARRIORS,26,0.3766233766233766
521,2015,Kevin Durant,OKLAHOMA CITY THUNDER,26,0.3116883116883117
580,2015,Russell Westbrook,OKLAHOMA CITY THUNDER,26,0.16883116883116883
516,2015,Anthony Davis,NEW ORLEANS PELICANS,21,0.09090909090909091
576,2015,Dwyane Wade,MIAMI HEAT,33,0.025974025974025972
540,2015,LeBron James,CLEVELAND CAVALIERS,30,0.012987012987012986
494,2015,Carmelo Anthony,NEW YORK KNICKS,30,0.012987012987012986
